pen,Age,Cohort,rep,Diet,Challenge,VL
B7,22,GOS_Mock,V1,GOS,Mock,656.122792
B7,22,GOS_Mock,V2,GOS,Mock,606.418678
B7,22,GOS_Mock,V3,GOS,Mock,801.080197
B7,22,GOS_Mock,V4,GOS,Mock,787.136177
B7,22,GOS_Mock,V5,GOS,Mock,837.643475
B7,22,GOS_Mock,V6,GOS,Mock,787.372859
B7,22,GOS_Mock,V7,GOS,Mock,856.029448
B7,22,GOS_Mock,V8,GOS,Mock,778.952002
B7,22,GOS_Mock,V9,GOS,Mock,774.485915
B7,22,GOS_Mock,V10,GOS,Mock,743.445295
B1,22,GOS_Mock,V1,GOS,Mock,581.098608
B1,22,GOS_Mock,V2,GOS,Mock,653.957125
B1,22,GOS_Mock,V3,GOS,Mock,725.336094
B1,22,GOS_Mock,V4,GOS,Mock,709.144737
B1,22,GOS_Mock,V5,GOS,Mock,656.036621
B1,22,GOS_Mock,V6,GOS,Mock,639.325971
B1,22,GOS_Mock,V7,GOS,Mock,592.58203
B3,22,GOS_Mock,V1,GOS,Mock,724.856241
B3,22,GOS_Mock,V2,GOS,Mock,663.464052
B3,22,GOS_Mock,V3,GOS,Mock,597.880372
B3,22,GOS_Mock,V4,GOS,Mock,378.332327
B3,22,GOS_Mock,V5,GOS,Mock,642.265499
B3,22,GOS_Mock,V6,GOS,Mock,340.107997
B3,22,GOS_Mock,V7,GOS,Mock,444.932528
B2,22,GOS_Mock,V1,GOS,Mock,474.134128
B2,22,GOS_Mock,V2,GOS,Mock,700.317065
B2,22,GOS_Mock,V3,GOS,Mock,531.130275
B2,22,GOS_Mock,V4,GOS,Mock,727.729188
B2,22,GOS_Mock,V5,GOS,Mock,670.468321
B2,22,GOS_Mock,V6,GOS,Mock,686.83486
B8,22,GOS_Mock,V1,GOS,Mock,317.300906
B8,22,GOS_Mock,V2,GOS,Mock,721.373176
B8,22,GOS_Mock,V3,GOS,Mock,632.698506
B8,22,GOS_Mock,V4,GOS,Mock,682.538452
B8,22,GOS_Mock,V5,GOS,Mock,581.933543
B8,22,GOS_Mock,V6,GOS,Mock,707.125214
B9,22,GOS_Mock,V1,GOS,Mock,671.131824
B9,22,GOS_Mock,V2,GOS,Mock,620.868097
B9,22,GOS_Mock,V3,GOS,Mock,535.361341
B9,22,GOS_Mock,V4,GOS,Mock,644.404864
B9,22,GOS_Mock,V5,GOS,Mock,488.360642
B10,22,GOS_Mock,V1,GOS,Mock,684.757903
B10,22,GOS_Mock,V2,GOS,Mock,402.885936
B10,22,GOS_Mock,V3,GOS,Mock,751.599951
B10,22,GOS_Mock,V4,GOS,Mock,441.088833
B10,22,GOS_Mock,V5,GOS,Mock,522.280091
B5,22,GOS_SE,V1,GOS,SE,614.890229
B5,22,GOS_SE,V2,GOS,SE,752.986822
B5,22,GOS_SE,V3,GOS,SE,501.913809
B5,22,GOS_SE,V4,GOS,SE,652.683876
B5,22,GOS_SE,V5,GOS,SE,662.742517
B5,22,GOS_SE,V6,GOS,SE,680.243191
B10,22,GOS_SE,V1,GOS,SE,480.406143
B10,22,GOS_SE,V2,GOS,SE,395.77086
B10,22,GOS_SE,V3,GOS,SE,424.536391
B10,22,GOS_SE,V4,GOS,SE,566.067803
B10,22,GOS_SE,V5,GOS,SE,543.203517
B10,22,GOS_SE,V6,GOS,SE,507.607065
B9,22,GOS_SE,V1,GOS,SE,479.167869
B9,22,GOS_SE,V2,GOS,SE,536.24305
B9,22,GOS_SE,V3,GOS,SE,396.286268
B9,22,GOS_SE,V4,GOS,SE,533.716159
B9,22,GOS_SE,V5,GOS,SE,482.747976
B4,22,GOS_SE,V1,GOS,SE,392.651061
B4,22,GOS_SE,V2,GOS,SE,493.206246
B4,22,GOS_SE,V3,GOS,SE,387.510706
B4,22,GOS_SE,V4,GOS,SE,365.577092
B3,22,GOS_SE,V1,GOS,SE,755.8123
B3,22,GOS_SE,V2,GOS,SE,825.4378
B3,22,GOS_SE,V3,GOS,SE,802.6947
B11,22,GOS_SE,V1,GOS,SE,481.453077
B11,22,GOS_SE,V2,GOS,SE,508.443099
B11,22,GOS_SE,V3,GOS,SE,485.93671
B11,22,GOS_SE,V4,GOS,SE,397.676069
B2,22,GOS_SE,V1,GOS,SE,627.463367
B2,22,GOS_SE,V2,GOS,SE,542.275437
B2,22,GOS_SE,V3,GOS,SE,472.646521
B1,22,ctl_Mock,V1,ctl,Mock,440.907935
B1,22,ctl_Mock,V2,ctl,Mock,588.506117
B1,22,ctl_Mock,V3,ctl,Mock,577.84942
B1,22,ctl_Mock,V4,ctl,Mock,459.92195
B1,22,ctl_Mock,V5,ctl,Mock,552.703463
B1,22,ctl_Mock,V6,ctl,Mock,289.458917
B1,22,ctl_Mock,V7,ctl,Mock,538.653366
B1,22,ctl_Mock,V8,ctl,Mock,513.504407
B1,22,ctl_Mock,V9,ctl,Mock,600.733673
B1,22,ctl_Mock,V10,ctl,Mock,595.645415
B2,22,ctl_Mock,V1,ctl,Mock,710.925484
B2,22,ctl_Mock,V2,ctl,Mock,780.515596
B2,22,ctl_Mock,V3,ctl,Mock,770.803906
B2,22,ctl_Mock,V4,ctl,Mock,692.927097
B2,22,ctl_Mock,V5,ctl,Mock,855.785899
B2,22,ctl_Mock,V6,ctl,Mock,675.49038
B2,22,ctl_Mock,V7,ctl,Mock,768.793325
B2,22,ctl_Mock,V8,ctl,Mock,686.479572
B2,22,ctl_Mock,V9,ctl,Mock,814.731551
B2,22,ctl_Mock,V10,ctl,Mock,820.652616
B4,22,ctl_Mock,V1,ctl,Mock,889.603873
B4,22,ctl_Mock,V2,ctl,Mock,800.930771
B4,22,ctl_Mock,V3,ctl,Mock,724.351091
B4,22,ctl_Mock,V4,ctl,Mock,659.509995
B4,22,ctl_Mock,V5,ctl,Mock,645.530642
B4,22,ctl_Mock,V6,ctl,Mock,597.013148
B4,22,ctl_Mock,V7,ctl,Mock,650.797659
B4,22,ctl_Mock,V8,ctl,Mock,642.531493
B4,22,ctl_Mock,V9,ctl,Mock,605.235832
B4,22,ctl_Mock,V10,ctl,Mock,638.39831
B6,22,ctl_Mock,V1,ctl,Mock,550.190463
B6,22,ctl_Mock,V2,ctl,Mock,575.085239
B6,22,ctl_Mock,V3,ctl,Mock,818.814714
B6,22,ctl_Mock,V4,ctl,Mock,625.632596
B6,22,ctl_Mock,V5,ctl,Mock,846.251144
B6,22,ctl_Mock,V6,ctl,Mock,782.176208
B6,22,ctl_Mock,V7,ctl,Mock,761.396058
B6,22,ctl_Mock,V8,ctl,Mock,757.532678
B6,22,ctl_Mock,V9,ctl,Mock,822.895843
B6,22,ctl_Mock,V10,ctl,Mock,833.309217
B7,22,ctl_Mock,V1,ctl,Mock,620.244426
B7,22,ctl_Mock,V2,ctl,Mock,461.496512
B7,22,ctl_Mock,V3,ctl,Mock,461.495981
B7,22,ctl_Mock,V4,ctl,Mock,493.832785
B10,22,ctl_Mock,V1,ctl,Mock,664.54213
B10,22,ctl_Mock,V2,ctl,Mock,633.30572
B10,22,ctl_Mock,V3,ctl,Mock,465.158113
B10,22,ctl_Mock,V4,ctl,Mock,597.637356
B8,22,ctl_Mock,V1,ctl,Mock,517.019191
B8,22,ctl_Mock,V2,ctl,Mock,472.615976
B8,22,ctl_Mock,V3,ctl,Mock,664.739478
B13,22,ctl_SE,V1,ctl,SE,666.524217
B13,22,ctl_SE,V2,ctl,SE,733.503393
B13,22,ctl_SE,V3,ctl,SE,773.546205
B13,22,ctl_SE,V4,ctl,SE,912.699718
B13,22,ctl_SE,V5,ctl,SE,873.270652
B13,22,ctl_SE,V6,ctl,SE,564.357269
B13,22,ctl_SE,V7,ctl,SE,798.086976
B13,22,ctl_SE,V8,ctl,SE,684.565815
B13,22,ctl_SE,V9,ctl,SE,687.647229
B1,22,ctl_SE,V1,ctl,SE,490.673619
B1,22,ctl_SE,V2,ctl,SE,547.990111
B1,22,ctl_SE,V3,ctl,SE,541.032387
B1,22,ctl_SE,V4,ctl,SE,711.359847
B1,22,ctl_SE,V5,ctl,SE,658.013981
B12,22,ctl_SE,V1,ctl,SE,700.147842
B12,22,ctl_SE,V2,ctl,SE,620.30294
B12,22,ctl_SE,V3,ctl,SE,475.584913
B12,22,ctl_SE,V4,ctl,SE,387.052704
B12,22,ctl_SE,V5,ctl,SE,454.863558
B5,22,ctl_SE,V1,ctl,SE,529.541439
B5,22,ctl_SE,V2,ctl,SE,561.497881
B5,22,ctl_SE,V3,ctl,SE,542.6109
B5,22,ctl_SE,V4,ctl,SE,839.056054
B11,22,ctl_SE,V1,ctl,SE,511.563956
B11,22,ctl_SE,V2,ctl,SE,600.678342
B11,22,ctl_SE,V3,ctl,SE,672.946779
B11,22,ctl_SE,V4,ctl,SE,502.708238
B4,22,ctl_SE,V1,ctl,SE,704.926116
B4,22,ctl_SE,V2,ctl,SE,609.571069
B4,22,ctl_SE,V3,ctl,SE,681.667943
B6,22,ctl_SE,V1,ctl,SE,699.458148
B6,22,ctl_SE,V2,ctl,SE,757.531902
B6,22,ctl_SE,V3,ctl,SE,709.26917
B4,24,GOS_Mock,V1,GOS,Mock,612.79539
B4,24,GOS_Mock,V2,GOS,Mock,503.578075
B4,24,GOS_Mock,V3,GOS,Mock,658.80163
B4,24,GOS_Mock,V4,GOS,Mock,498.007235
B4,24,GOS_Mock,V5,GOS,Mock,707.320681
B4,24,GOS_Mock,V6,GOS,Mock,792.585208
B4,24,GOS_Mock,V7,GOS,Mock,747.481437
B12,24,GOS_Mock,V1,GOS,Mock,404.052808
B12,24,GOS_Mock,V2,GOS,Mock,524.589294
B12,24,GOS_Mock,V3,GOS,Mock,814.087681
B12,24,GOS_Mock,V4,GOS,Mock,742.610208
B12,24,GOS_Mock,V5,GOS,Mock,719.542477
B12,24,GOS_Mock,V6,GOS,Mock,848.910245
B12,24,GOS_Mock,V7,GOS,Mock,715.666373
B10,24,GOS_Mock,V1,GOS,Mock,484.034694
B10,24,GOS_Mock,V2,GOS,Mock,585.365482
B10,24,GOS_Mock,V3,GOS,Mock,577.821148
B10,24,GOS_Mock,V4,GOS,Mock,686.505233
B10,24,GOS_Mock,V5,GOS,Mock,517.939022
B10,24,GOS_Mock,V6,GOS,Mock,641.669409
B6,24,GOS_Mock,V1,GOS,Mock,613.555218
B6,24,GOS_Mock,V2,GOS,Mock,710.167924
B6,24,GOS_Mock,V3,GOS,Mock,641.61138
B6,24,GOS_Mock,V4,GOS,Mock,704.049459
B6,24,GOS_Mock,V5,GOS,Mock,678.84494
B1,24,GOS_Mock,V1,GOS,Mock,347.6214
B1,24,GOS_Mock,V2,GOS,Mock,666.82567
B1,24,GOS_Mock,V3,GOS,Mock,655.436448
B1,24,GOS_Mock,V4,GOS,Mock,584.230182
B3,24,GOS_Mock,V1,GOS,Mock,553.929367
B3,24,GOS_Mock,V2,GOS,Mock,249.513744
B3,24,GOS_Mock,V3,GOS,Mock,433.790538
B3,24,GOS_Mock,V4,GOS,Mock,557.696313
B2,24,GOS_Mock,V1,GOS,Mock,614.288197
B2,24,GOS_Mock,V2,GOS,Mock,750.3555
B2,24,GOS_Mock,V3,GOS,Mock,807.815613
B3,24,GOS_SE,V1,GOS,SE,473.781196
B3,24,GOS_SE,V2,GOS,SE,496.667871
B3,24,GOS_SE,V3,GOS,SE,524.642086
B3,24,GOS_SE,V4,GOS,SE,360.190079
B3,24,GOS_SE,V5,GOS,SE,378.591823
B3,24,GOS_SE,V6,GOS,SE,626.22069
B8,24,GOS_SE,V1,GOS,SE,473.781196
B8,24,GOS_SE,V2,GOS,SE,496.667871
B8,24,GOS_SE,V3,GOS,SE,524.642086
B8,24,GOS_SE,V4,GOS,SE,360.190079
B8,24,GOS_SE,V5,GOS,SE,378.591823
B8,24,GOS_SE,V6,GOS,SE,626.22069
B5,24,GOS_SE,V1,GOS,SE,716.0042
B5,24,GOS_SE,V2,GOS,SE,741.2207
B5,24,GOS_SE,V3,GOS,SE,731.0044
B5,24,GOS_SE,V4,GOS,SE,703.6602
B5,24,GOS_SE,V5,GOS,SE,693.4908
B9,24,GOS_SE,V1,GOS,SE,747.7602
B9,24,GOS_SE,V2,GOS,SE,605.6842
B9,24,GOS_SE,V3,GOS,SE,425.1576
B9,24,GOS_SE,V4,GOS,SE,648.4221
B9,24,GOS_SE,V5,GOS,SE,453.3645
B7,24,GOS_SE,V1,GOS,SE,693.666585
B7,24,GOS_SE,V2,GOS,SE,508.339223
B7,24,GOS_SE,V3,GOS,SE,720.917308
B7,24,GOS_SE,V4,GOS,SE,623.720908
B6,24,GOS_SE,V1,GOS,SE,919.060276
B6,24,GOS_SE,V2,GOS,SE,882.814435
B6,24,GOS_SE,V3,GOS,SE,509.572903
B11,24,GOS_SE,V1,GOS,SE,564.177854
B11,24,GOS_SE,V2,GOS,SE,744.414322
B11,24,GOS_SE,V3,GOS,SE,653.322795
B10,24,ctl_Mock,V1,ctl,Mock,640.603169
B10,24,ctl_Mock,V2,ctl,Mock,657.820207
B10,24,ctl_Mock,V3,ctl,Mock,701.995825
B10,24,ctl_Mock,V4,ctl,Mock,637.688611
B10,24,ctl_Mock,V5,ctl,Mock,651.300327
B10,24,ctl_Mock,V6,ctl,Mock,713.915738
B10,24,ctl_Mock,V7,ctl,Mock,660.504231
B10,24,ctl_Mock,V8,ctl,Mock,564.428562
B10,24,ctl_Mock,V9,ctl,Mock,595.712776
B10,24,ctl_Mock,V10,ctl,Mock,566.859717
B3,24,ctl_Mock,V1,ctl,Mock,625.039112
B3,24,ctl_Mock,V2,ctl,Mock,545.704804
B3,24,ctl_Mock,v3,ctl,Mock,475.188551
B3,24,ctl_Mock,V4,ctl,Mock,576.128945
B3,24,ctl_Mock,V5,ctl,Mock,560.554825
B3,24,ctl_Mock,V6,ctl,Mock,571.624999
B3,24,ctl_Mock,V7,ctl,Mock,572.959454
B3,24,ctl_Mock,V8,ctl,Mock,637.587103
B3,24,ctl_Mock,V9,ctl,Mock,515.889097
B12,24,ctl_Mock,V1,ctl,Mock,471.447757
B12,24,ctl_Mock,V2,ctl,Mock,455.42268
B12,24,ctl_Mock,V3,ctl,Mock,472.396256
B12,24,ctl_Mock,V4,ctl,Mock,393.960425
B12,24,ctl_Mock,V5,ctl,Mock,488.413505
B12,24,ctl_Mock,V6,ctl,Mock,455.085888
B12,24,ctl_Mock,V7,ctl,Mock,506.27681
B12,24,ctl_Mock,V8,ctl,Mock,457.106456
B12,24,ctl_Mock,V9,ctl,Mock,483.809696
B4,24,ctl_Mock,V1,ctl,Mock,630.91219
B4,24,ctl_Mock,V2,ctl,Mock,548.382797
B4,24,ctl_Mock,v3,ctl,Mock,632.763985
B4,24,ctl_Mock,V4,ctl,Mock,655.479853
B4,24,ctl_Mock,V5,ctl,Mock,585.046739
B4,24,ctl_Mock,V6,ctl,Mock,591.672234
B4,24,ctl_Mock,V7,ctl,Mock,579.086806
B9,24,ctl_Mock,V1,ctl,Mock,551.590355
B9,24,ctl_Mock,V2,ctl,Mock,621.617871
B9,24,ctl_Mock,V3,ctl,Mock,629.894074
B9,24,ctl_Mock,V4,ctl,Mock,526.72389
B9,24,ctl_Mock,V5,ctl,Mock,637.995025
B9,24,ctl_Mock,V6,ctl,Mock,606.711357
B9,24,ctl_Mock,V7,ctl,Mock,589.148448
B5,24,ctl_Mock,V1,ctl,Mock,451.244835
B5,24,ctl_Mock,V2,ctl,Mock,454.51218
B5,24,ctl_Mock,V3,ctl,Mock,527.164237
B5,24,ctl_Mock,V4,ctl,Mock,449.586384
B5,24,ctl_Mock,V5,ctl,Mock,599.008949
B5,24,ctl_Mock,V6,ctl,Mock,339.747651
B2,24,ctl_Mock,V1,ctl,Mock,370.87575
B2,24,ctl_Mock,V2,ctl,Mock,415.628643
B2,24,ctl_Mock,V3,ctl,Mock,458.644999
B8,24,ctl_SE,V1,ctl,SE,705.549774
B8,24,ctl_SE,V2,ctl,SE,624.508555
B8,24,ctl_SE,V3,ctl,SE,573.276228
B8,24,ctl_SE,V4,ctl,SE,645.758736
B8,24,ctl_SE,V5,ctl,SE,662.465384
B8,24,ctl_SE,V6,ctl,SE,637.843633
B8,24,ctl_SE,V7,ctl,SE,671.819961
B8,24,ctl_SE,V8,ctl,SE,653.400549
B8,24,ctl_SE,V9,ctl,SE,648.436692
B8,24,ctl_SE,V10,ctl,SE,645.201
B12,24,ctl_SE,V1,ctl,SE,526.537431
B12,24,ctl_SE,V2,ctl,SE,715.897936
B12,24,ctl_SE,V3,ctl,SE,636.427973
B12,24,ctl_SE,V4,ctl,SE,692.979051
B12,24,ctl_SE,V5,ctl,SE,611.560108
B12,24,ctl_SE,V6,ctl,SE,513.578013
B12,24,ctl_SE,V7,ctl,SE,629.014087
B12,24,ctl_SE,V8,ctl,SE,653.288973
B12,24,ctl_SE,V9,ctl,SE,633.620144
B12,24,ctl_SE,V10,ctl,SE,655.068584
B9,24,ctl_SE,V1,ctl,SE,734.974844
B9,24,ctl_SE,V2,ctl,SE,798.8573
B9,24,ctl_SE,V3,ctl,SE,553.792712
B9,24,ctl_SE,V4,ctl,SE,705.039065
B9,24,ctl_SE,V5,ctl,SE,744.358826
B9,24,ctl_SE,V6,ctl,SE,563.492918
B9,24,ctl_SE,V7,ctl,SE,704.410587
B9,24,ctl_SE,V8,ctl,SE,636.096769
B6,24,ctl_SE,V1,ctl,SE,580.913715
B6,24,ctl_SE,V2,ctl,SE,667.859991
B6,24,ctl_SE,V3,ctl,SE,657.293548
B6,24,ctl_SE,V4,ctl,SE,709.000226
B6,24,ctl_SE,V5,ctl,SE,732.610388
B6,24,ctl_SE,V6,ctl,SE,720.24443
B11,24,ctl_SE,V1,ctl,SE,698.596541
B11,24,ctl_SE,V2,ctl,SE,788.213974
B11,24,ctl_SE,V3,ctl,SE,750.146189
B11,24,ctl_SE,V4,ctl,SE,505.539132
B11,24,ctl_SE,V5,ctl,SE,706.383872
B11,24,ctl_SE,V6,ctl,SE,594.025552
B4,24,ctl_SE,V1,ctl,SE,659.371351
B4,24,ctl_SE,V2,ctl,SE,738.931384
B4,24,ctl_SE,V3,ctl,SE,656.042366
B4,24,ctl_SE,V4,ctl,SE,614.951567
B4,24,ctl_SE,V5,ctl,SE,627.31917
B10,24,ctl_SE,V1,ctl,SE,477.069913
B10,24,ctl_SE,V2,ctl,SE,567.085525
B10,24,ctl_SE,V3,ctl,SE,512.548433
B10,24,ctl_SE,V4,ctl,SE,855.771328
B10,24,ctl_SE,V5,ctl,SE,544.305184
B6,28,GOS_Mock,V1,GOS,Mock,812.240434
B6,28,GOS_Mock,V2,GOS,Mock,717.132866
B6,28,GOS_Mock,V3,GOS,Mock,667.837095
B6,28,GOS_Mock,V4,GOS,Mock,855.044969
B6,28,GOS_Mock,V5,GOS,Mock,608.688316
B4,28,GOS_Mock,V1,GOS,Mock,750.715915
B4,28,GOS_Mock,V2,GOS,Mock,803.921528
B4,28,GOS_Mock,V3,GOS,Mock,805.069679
B4,28,GOS_Mock,V4,GOS,Mock,678.94278
B5,28,GOS_Mock,V1,GOS,Mock,597.09601
B5,28,GOS_Mock,V2,GOS,Mock,543.285578
B5,28,GOS_Mock,V3,GOS,Mock,550.00906
B5,28,GOS_Mock,V4,GOS,Mock,699.086205
B7,28,GOS_Mock,V1,GOS,Mock,749.091221
B7,28,GOS_Mock,V2,GOS,Mock,592.056963
B7,28,GOS_Mock,V3,GOS,Mock,754.731751
B7,28,GOS_Mock,V4,GOS,Mock,761.124768
B9,28,GOS_Mock,V1,GOS,Mock,815.348889
B9,28,GOS_Mock,V2,GOS,Mock,512.734098
B9,28,GOS_Mock,V3,GOS,Mock,817.336986
B9,28,GOS_Mock,V4,GOS,Mock,813.899721
B10,28,GOS_Mock,V1,GOS,Mock,482.020688
B10,28,GOS_Mock,V2,GOS,Mock,694.505974
B10,28,GOS_Mock,V3,GOS,Mock,579.035249
B10,28,GOS_Mock,V4,GOS,Mock,610.725305
B3,28,GOS_Mock,V1,GOS,Mock,744.898916
B3,28,GOS_Mock,V2,GOS,Mock,663.33693
B3,28,GOS_Mock,V3,GOS,Mock,644.805
B3,28,GOS_SE,V1,GOS,SE,686.86974
B3,28,GOS_SE,V2,GOS,SE,466.020236
B3,28,GOS_SE,V3,GOS,SE,722.779815
B3,28,GOS_SE,V4,GOS,SE,686.288642
B3,28,GOS_SE,V5,GOS,SE,711.358776
B3,28,GOS_SE,V6,GOS,SE,701.967352
B3,28,GOS_SE,V7,GOS,SE,629.760749
B3,28,GOS_SE,V8,GOS,SE,608.395476
B3,28,GOS_SE,V9,GOS,SE,500.656443
B3,28,GOS_SE,V10,GOS,SE,761.767378
B4,28,GOS_SE,V1,GOS,SE,731.298992
B4,28,GOS_SE,V2,GOS,SE,675.642004
B4,28,GOS_SE,V3,GOS,SE,730.103774
B4,28,GOS_SE,V4,GOS,SE,642.756432
B4,28,GOS_SE,V5,GOS,SE,600.564464
B4,28,GOS_SE,V6,GOS,SE,524.84208
B4,28,GOS_SE,V7,GOS,SE,758.442154
B4,28,GOS_SE,V8,GOS,SE,540.164791
B4,28,GOS_SE,V9,GOS,SE,649.11852
B4,28,GOS_SE,V10,GOS,SE,695.358293
B6,28,GOS_SE,V1,GOS,SE,725.619172
B6,28,GOS_SE,V2,GOS,SE,746.606229
B6,28,GOS_SE,V3,GOS,SE,858.895712
B6,28,GOS_SE,V4,GOS,SE,792.364094
B6,28,GOS_SE,V5,GOS,SE,723.243488
B6,28,GOS_SE,V6,GOS,SE,664.090831
B6,28,GOS_SE,V7,GOS,SE,517.750187
B13,28,GOS_SE,V1,GOS,SE,754.829589
B13,28,GOS_SE,V2,GOS,SE,654.91013
B13,28,GOS_SE,V3,GOS,SE,681.248137
B13,28,GOS_SE,V4,GOS,SE,871.388732
B13,28,GOS_SE,V5,GOS,SE,717.398549
B13,28,GOS_SE,V6,GOS,SE,658.504561
B13,28,GOS_SE,V7,GOS,SE,748.973946
B14,28,GOS_SE,V1,GOS,SE,714.486284
B14,28,GOS_SE,V2,GOS,SE,876.118942
B14,28,GOS_SE,V3,GOS,SE,697.295199
B14,28,GOS_SE,V4,GOS,SE,825.56668
B14,28,GOS_SE,V5,GOS,SE,690.934733
B14,28,GOS_SE,V6,GOS,SE,661.380637
B1,28,GOS_SE,V1,GOS,SE,625.733898
B1,28,GOS_SE,V2,GOS,SE,602.796564
B1,28,GOS_SE,V3,GOS,SE,687.769309
B1,28,GOS_SE,V4,GOS,SE,663.712987
B1,28,GOS_SE,V5,GOS,SE,684.299426
B2,28,GOS_SE,V1,GOS,SE,657.751916
B2,28,GOS_SE,V2,GOS,SE,707.727029
B2,28,GOS_SE,V3,GOS,SE,645.676543
B2,28,GOS_SE,V4,GOS,SE,734.908406
B2,28,GOS_SE,V5,GOS,SE,786.313748
B3,28,ctl_Mock,V1,ctl,Mock,637.008117
B3,28,ctl_Mock,V2,ctl,Mock,637.094129
B3,28,ctl_Mock,V3,ctl,Mock,572.45709
B3,28,ctl_Mock,V4,ctl,Mock,683.336055
B3,28,ctl_Mock,V5,ctl,Mock,729.100168
B3,28,ctl_Mock,V6,ctl,Mock,778.333546
B3,28,ctl_Mock,V7,ctl,Mock,731.416957
B3,28,ctl_Mock,V8,ctl,Mock,635.940443
B3,28,ctl_Mock,V9,ctl,Mock,484.047474
B3,28,ctl_Mock,V10,ctl,Mock,672.253403
B6,28,ctl_Mock,V1,ctl,Mock,696.808297
B6,28,ctl_Mock,V2,ctl,Mock,700.717484
B6,28,ctl_Mock,V3,ctl,Mock,652.738576
B6,28,ctl_Mock,V4,ctl,Mock,819.485295
B6,28,ctl_Mock,V5,ctl,Mock,412.997832
B6,28,ctl_Mock,V6,ctl,Mock,684.59684
B6,28,ctl_Mock,V7,ctl,Mock,722.550913
B6,28,ctl_Mock,V8,ctl,Mock,519.834682
B6,28,ctl_Mock,V9,ctl,Mock,671.625771
B6,28,ctl_Mock,V10,ctl,Mock,630.911825
B9,28,ctl_Mock,V1,ctl,Mock,677.178015
B9,28,ctl_Mock,V2,ctl,Mock,641.804053
B9,28,ctl_Mock,V3,ctl,Mock,649.244605
B9,28,ctl_Mock,V4,ctl,Mock,741.25505
B9,28,ctl_Mock,V5,ctl,Mock,775.919088
B9,28,ctl_Mock,V6,ctl,Mock,700.608063
B9,28,ctl_Mock,V7,ctl,Mock,659.946694
B9,28,ctl_Mock,V8,ctl,Mock,607.653358
B9,28,ctl_Mock,V9,ctl,Mock,631.137339
B9,28,ctl_Mock,V10,ctl,Mock,683.197925
B10,28,ctl_Mock,V1,ctl,Mock,709.364218
B10,28,ctl_Mock,V2,ctl,Mock,690.513411
B10,28,ctl_Mock,V3,ctl,Mock,672.13863
B10,28,ctl_Mock,V4,ctl,Mock,691.792999
B10,28,ctl_Mock,V5,ctl,Mock,754.882437
B10,28,ctl_Mock,V6,ctl,Mock,741.80915
B10,28,ctl_Mock,V7,ctl,Mock,780.547799
B10,28,ctl_Mock,V8,ctl,Mock,722.225162
B10,28,ctl_Mock,V9,ctl,Mock,710.471706
B10,28,ctl_Mock,V10,ctl,Mock,583.379324
B1,28,ctl_Mock,V1,ctl,Mock,553.219852
B1,28,ctl_Mock,V2,ctl,Mock,608.362988
B1,28,ctl_Mock,V3,ctl,Mock,556.509523
B1,28,ctl_Mock,V4,ctl,Mock,534.176315
B1,28,ctl_Mock,V5,ctl,Mock,881.392607
B1,28,ctl_Mock,V6,ctl,Mock,661.680447
B1,28,ctl_Mock,V7,ctl,Mock,545.795098
B1,28,ctl_Mock,V8,ctl,Mock,551.819971
B5,28,ctl_Mock,V1,ctl,Mock,459.800089
B5,28,ctl_Mock,V2,ctl,Mock,580.031148
B5,28,ctl_Mock,V3,ctl,Mock,505.827265
B5,28,ctl_Mock,V4,ctl,Mock,447.166988
B5,28,ctl_Mock,V5,ctl,Mock,499.505493
B5,28,ctl_Mock,V6,ctl,Mock,484.508608
B5,28,ctl_Mock,V7,ctl,Mock,355.717462
B5,28,ctl_Mock,V8,ctl,Mock,565.619304
B4,28,ctl_Mock,V1,ctl,Mock,740.589041
B4,28,ctl_Mock,V2,ctl,Mock,794.406629
B4,28,ctl_Mock,V3,ctl,Mock,721.775371
B4,28,ctl_Mock,V4,ctl,Mock,664.05959
B4,28,ctl_Mock,V5,ctl,Mock,646.113968
B4,28,ctl_Mock,V6,ctl,Mock,476.110939
B4,28,ctl_Mock,V7,ctl,Mock,570.608169
B2,28,ctl_SE,V1,ctl,SE,734.03493
B2,28,ctl_SE,V2,ctl,SE,715.656035
B2,28,ctl_SE,V3,ctl,SE,813.374779
B2,28,ctl_SE,V4,ctl,SE,766.142011
B2,28,ctl_SE,V5,ctl,SE,738.931242
B2,28,ctl_SE,V6,ctl,SE,791.566188
B2,28,ctl_SE,V7,ctl,SE,633.275366
B2,28,ctl_SE,V8,ctl,SE,811.026377
B2,28,ctl_SE,V9,ctl,SE,819.207311
B2,28,ctl_SE,V10,ctl,SE,790.097136
B3,28,ctl_SE,V1,ctl,SE,543.238763
B3,28,ctl_SE,V2,ctl,SE,651.141154
B3,28,ctl_SE,V3,ctl,SE,695.843129
B3,28,ctl_SE,V4,ctl,SE,655.669636
B3,28,ctl_SE,V5,ctl,SE,614.902888
B3,28,ctl_SE,V6,ctl,SE,619.736804
B3,28,ctl_SE,V7,ctl,SE,674.664234
B3,28,ctl_SE,V8,ctl,SE,667.822515
B10,28,ctl_SE,V1,ctl,SE,847.574258
B10,28,ctl_SE,V2,ctl,SE,827.824657
B10,28,ctl_SE,V3,ctl,SE,770.831269
B10,28,ctl_SE,V4,ctl,SE,859.636123
B10,28,ctl_SE,V5,ctl,SE,841.763539
B10,28,ctl_SE,V6,ctl,SE,795.398766
B10,28,ctl_SE,V7,ctl,SE,759.339674
B10,28,ctl_SE,V8,ctl,SE,819.943181
B4,28,ctl_SE,V1,ctl,SE,794.926467
B4,28,ctl_SE,V2,ctl,SE,804.262219
B4,28,ctl_SE,V3,ctl,SE,651.080232
B4,28,ctl_SE,V4,ctl,SE,833.431481
B4,28,ctl_SE,V5,ctl,SE,860.50518
B4,28,ctl_SE,V6,ctl,SE,842.576651
B8,28,ctl_SE,V1,ctl,SE,633.402222
B8,28,ctl_SE,V2,ctl,SE,408.569691
B8,28,ctl_SE,V3,ctl,SE,532.163309
B8,28,ctl_SE,V4,ctl,SE,699.971978
B8,28,ctl_SE,V5,ctl,SE,399.58052
B8,28,ctl_SE,V6,ctl,SE,605.63366
B5,28,ctl_SE,V1,ctl,SE,802.231779
B5,28,ctl_SE,V2,ctl,SE,671.434289
B5,28,ctl_SE,V3,ctl,SE,597.026262
B5,28,ctl_SE,V4,ctl,SE,681.0421
B7,28,ctl_SE,V1,ctl,SE,548.167526
B7,28,ctl_SE,V2,ctl,SE,563.686166
B7,28,ctl_SE,V3,ctl,SE,671.649344
B7,28,ctl_SE,V4,ctl,SE,627.837833
B1,35,GOS_Mock,V1,GOS,Mock,774.309327
B1,35,GOS_Mock,V2,GOS,Mock,706.028127
B1,35,GOS_Mock,V3,GOS,Mock,660.022855
B1,35,GOS_Mock,V4,GOS,Mock,671.47555
B1,35,GOS_Mock,V5,GOS,Mock,644.227629
B1,35,GOS_Mock,V6,GOS,Mock,647.660504
B1,35,GOS_Mock,V7,GOS,Mock,600.59003
B1,35,GOS_Mock,V8,GOS,Mock,687.645324
B1,35,GOS_Mock,V9,GOS,Mock,606.510189
B1,35,GOS_Mock,V10,GOS,Mock,687.445441
B2,35,GOS_Mock,V1,GOS,Mock,858.857597
B2,35,GOS_Mock,V2,GOS,Mock,747.154781
B2,35,GOS_Mock,V3,GOS,Mock,713.511803
B2,35,GOS_Mock,V4,GOS,Mock,698.472583
B2,35,GOS_Mock,V5,GOS,Mock,626.361242
B2,35,GOS_Mock,V6,GOS,Mock,759.549598
B2,35,GOS_Mock,V7,GOS,Mock,722.291727
B2,35,GOS_Mock,V8,GOS,Mock,876.641354
B2,35,GOS_Mock,V9,GOS,Mock,797.451105
B7,35,GOS_Mock,V1,GOS,Mock,788.017689
B7,35,GOS_Mock,V2,GOS,Mock,744.75069
B7,35,GOS_Mock,V3,GOS,Mock,755.814399
B7,35,GOS_Mock,V4,GOS,Mock,698.938874
B7,35,GOS_Mock,V5,GOS,Mock,752.265859
B7,35,GOS_Mock,V6,GOS,Mock,630.961561
B7,35,GOS_Mock,V7,GOS,Mock,739.225734
B7,35,GOS_Mock,V8,GOS,Mock,827.225072
B6,35,GOS_Mock,V1,GOS,Mock,698.346875
B6,35,GOS_Mock,V2,GOS,Mock,658.743321
B6,35,GOS_Mock,V3,GOS,Mock,733.457605
B6,35,GOS_Mock,V4,GOS,Mock,658.025712
B6,35,GOS_Mock,V5,GOS,Mock,768.024242
B6,35,GOS_Mock,V6,GOS,Mock,619.381005
B6,35,GOS_Mock,V7,GOS,Mock,688.91044
B3,35,GOS_Mock,V1,GOS,Mock,727.347329
B3,35,GOS_Mock,V2,GOS,Mock,640.297416
B3,35,GOS_Mock,V3,GOS,Mock,699.962817
B3,35,GOS_Mock,V4,GOS,Mock,714.155745
B3,35,GOS_Mock,V5,GOS,Mock,707.150506
B8,35,GOS_Mock,V1,GOS,Mock,700.342179
B8,35,GOS_Mock,V2,GOS,Mock,706.806298
B8,35,GOS_Mock,V3,GOS,Mock,720.718384
B8,35,GOS_Mock,V4,GOS,Mock,723.858695
B8,35,GOS_Mock,V5,GOS,Mock,707.016339
B11,35,GOS_Mock,V1,GOS,Mock,681.876733
B11,35,GOS_Mock,V2,GOS,Mock,695.058059
B11,35,GOS_Mock,V3,GOS,Mock,746.426974
B11,35,GOS_Mock,V1,GOS,Mock,863.743319
B7,35,GOS_SE,V1,GOS,SE,948.87562
B7,35,GOS_SE,V2,GOS,SE,886.455862
B7,35,GOS_SE,V3,GOS,SE,940.644396
B7,35,GOS_SE,V4,GOS,SE,896.89478
B7,35,GOS_SE,V5,GOS,SE,899.333668
B7,35,GOS_SE,V6,GOS,SE,849.135899
B7,35,GOS_SE,V7,GOS,SE,861.386244
B7,35,GOS_SE,V8,GOS,SE,845.976521
B7,35,GOS_SE,V9,GOS,SE,670.157675
B7,35,GOS_SE,V10,GOS,SE,739.988174
B9,35,GOS_SE,V1,GOS,SE,595.117313
B9,35,GOS_SE,V2,GOS,SE,625.8716
B9,35,GOS_SE,V3,GOS,SE,625.173505
B9,35,GOS_SE,V4,GOS,SE,666.929872
B9,35,GOS_SE,V5,GOS,SE,709.046933
B9,35,GOS_SE,V6,GOS,SE,609.800322
B9,35,GOS_SE,V7,GOS,SE,654.90767
B9,35,GOS_SE,V8,GOS,SE,643.924478
B9,35,GOS_SE,V9,GOS,SE,650.516531
B9,35,GOS_SE,V10,GOS,SE,596.90465
B14,35,GOS_SE,V1,GOS,SE,643.988077
B14,35,GOS_SE,V2,GOS,SE,666.876129
B14,35,GOS_SE,V3,GOS,SE,677.427257
B14,35,GOS_SE,V4,GOS,SE,643.58055
B14,35,GOS_SE,V5,GOS,SE,654.66391
B14,35,GOS_SE,V6,GOS,SE,638.399356
B14,35,GOS_SE,V7,GOS,SE,618.35195
B14,35,GOS_SE,V8,GOS,SE,680.128307
B14,35,GOS_SE,V9,GOS,SE,604.940439
B14,35,GOS_SE,V10,GOS,SE,677.411173
B15,35,GOS_SE,V1,GOS,SE,685.389222
B15,35,GOS_SE,V2,GOS,SE,707.258365
B15,35,GOS_SE,V3,GOS,SE,706.491276
B15,35,GOS_SE,V4,GOS,SE,696.07026
B15,35,GOS_SE,V5,GOS,SE,675.085041
B15,35,GOS_SE,V6,GOS,SE,676.31443
B15,35,GOS_SE,V7,GOS,SE,623.531284
B15,35,GOS_SE,V8,GOS,SE,650.962711
B15,35,GOS_SE,V9,GOS,SE,613.919238
B16,35,GOS_SE,V1,GOS,SE,860.680161
B16,35,GOS_SE,V2,GOS,SE,714.165601
B16,35,GOS_SE,V3,GOS,SE,858.877308
B16,35,GOS_SE,V4,GOS,SE,946.092013
B16,35,GOS_SE,V5,GOS,SE,658.817489
B16,35,GOS_SE,V6,GOS,SE,669.569789
B16,35,GOS_SE,V7,GOS,SE,719.447763
B16,35,GOS_SE,V8,GOS,SE,877.419867
B8,35,GOS_SE,V1,GOS,SE,747.870461
B8,35,GOS_SE,V2,GOS,SE,737.995099
B8,35,GOS_SE,V3,GOS,SE,697.198403
B8,35,GOS_SE,V4,GOS,SE,717.069269
B8,35,GOS_SE,V5,GOS,SE,733.29296
B8,35,GOS_SE,V6,GOS,SE,677.780213
B8,35,GOS_SE,V7,GOS,SE,769.394591
B6,35,GOS_SE,V1,GOS,SE,833.459118
B6,35,GOS_SE,V2,GOS,SE,972.627987
B6,35,GOS_SE,V3,GOS,SE,746.193716
B1,35,ctl_Mock,V1,ctl,Mock,724.881212
B1,35,ctl_Mock,V2,ctl,Mock,650.41496
B1,35,ctl_Mock,V3,ctl,Mock,740.618472
B1,35,ctl_Mock,V4,ctl,Mock,685.813487
B1,35,ctl_Mock,V5,ctl,Mock,706.283139
B1,35,ctl_Mock,V6,ctl,Mock,710.503878
B1,35,ctl_Mock,V7,ctl,Mock,565.911062
B1,35,ctl_Mock,V8,ctl,Mock,712.61861
B1,35,ctl_Mock,V9,ctl,Mock,798.710092
B1,35,ctl_Mock,V10,ctl,Mock,691.258281
B6,35,ctl_Mock,V1,ctl,Mock,860.666373
B6,35,ctl_Mock,V2,ctl,Mock,544.053003
B6,35,ctl_Mock,V3,ctl,Mock,807.121115
B6,35,ctl_Mock,V4,ctl,Mock,807.479348
B6,35,ctl_Mock,V5,ctl,Mock,817.527304
B6,35,ctl_Mock,V6,ctl,Mock,835.518355
B6,35,ctl_Mock,V7,ctl,Mock,812.15008
B6,35,ctl_Mock,V8,ctl,Mock,827.241094
B6,35,ctl_Mock,V9,ctl,Mock,761.029052
B6,35,ctl_Mock,V10,ctl,Mock,686.220895
B7,35,ctl_Mock,V1,ctl,Mock,626.577669
B7,35,ctl_Mock,V2,ctl,Mock,714.467005
B7,35,ctl_Mock,V3,ctl,Mock,791.405061
B7,35,ctl_Mock,V4,ctl,Mock,859.152721
B7,35,ctl_Mock,V5,ctl,Mock,768.741987
B7,35,ctl_Mock,V6,ctl,Mock,724.339708
B7,35,ctl_Mock,V7,ctl,Mock,655.659593
B7,35,ctl_Mock,V8,ctl,Mock,579.078139
B7,35,ctl_Mock,V9,ctl,Mock,629.684228
B7,35,ctl_Mock,V10,ctl,Mock,565.302537
B16,35,ctl_Mock,V1,ctl,Mock,612.874341
B16,35,ctl_Mock,V2,ctl,Mock,536.288774
B16,35,ctl_Mock,V3,ctl,Mock,664.086791
B16,35,ctl_Mock,V4,ctl,Mock,738.197332
B16,35,ctl_Mock,V5,ctl,Mock,621.260392
B16,35,ctl_Mock,V6,ctl,Mock,745.170086
B16,35,ctl_Mock,V7,ctl,Mock,783.563
B16,35,ctl_Mock,V8,ctl,Mock,733.7077
B16,35,ctl_Mock,V9,ctl,Mock,712.113599
B16,35,ctl_Mock,V10,ctl,Mock,743.672465
B17,35,ctl_Mock,V1,ctl,Mock,734.678101
B17,35,ctl_Mock,V2,ctl,Mock,519.477861
B17,35,ctl_Mock,V3,ctl,Mock,803.91228
B17,35,ctl_Mock,V4,ctl,Mock,462.803887
B17,35,ctl_Mock,V5,ctl,Mock,770.934481
B17,35,ctl_Mock,V6,ctl,Mock,716.60605
B17,35,ctl_Mock,V7,ctl,Mock,827.009306
B17,35,ctl_Mock,V8,ctl,Mock,779.030143
B17,35,ctl_Mock,V9,ctl,Mock,813.470631
B17,35,ctl_Mock,V10,ctl,Mock,823.464015
B2,35,ctl_Mock,V1,ctl,Mock,722.570957
B2,35,ctl_Mock,V2,ctl,Mock,657.566179
B2,35,ctl_Mock,V3,ctl,Mock,781.991926
B2,35,ctl_Mock,V4,ctl,Mock,730.819169
B2,35,ctl_Mock,V5,ctl,Mock,915.528417
B2,35,ctl_Mock,V6,ctl,Mock,853.068347
B2,35,ctl_Mock,V7,ctl,Mock,797.524478
B2,35,ctl_Mock,V8,ctl,Mock,794.303011
B2,35,ctl_Mock,V9,ctl,Mock,754.546977
B15,35,ctl_Mock,V1,ctl,Mock,629.676089
B15,35,ctl_Mock,V2,ctl,Mock,641.162784
B15,35,ctl_Mock,V3,ctl,Mock,624.202913
B15,35,ctl_Mock,V4,ctl,Mock,659.510985
B15,35,ctl_Mock,V5,ctl,Mock,701.26692
B15,35,ctl_Mock,V6,ctl,Mock,518.12574
B15,35,ctl_Mock,V7,ctl,Mock,516.643429
B2,35,ctl_SE,V1,ctl,SE,708.183067
B2,35,ctl_SE,V2,ctl,SE,544.123741
B2,35,ctl_SE,V3,ctl,SE,896.41698
B2,35,ctl_SE,V4,ctl,SE,868.631258
B2,35,ctl_SE,V5,ctl,SE,938.142064
B2,35,ctl_SE,V6,ctl,SE,850.147092
B2,35,ctl_SE,V7,ctl,SE,726.957462
B2,35,ctl_SE,V8,ctl,SE,728.308508
B2,35,ctl_SE,V9,ctl,SE,744.065672
B2,35,ctl_SE,V10,ctl,SE,749.943735
B5,35,ctl_SE,V1,ctl,SE,507.619711
B5,35,ctl_SE,V2,ctl,SE,672.935499
B5,35,ctl_SE,V3,ctl,SE,570.044662
B5,35,ctl_SE,V4,ctl,SE,679.837996
B5,35,ctl_SE,V5,ctl,SE,658.618633
B5,35,ctl_SE,V6,ctl,SE,571.330986
B5,35,ctl_SE,V7,ctl,SE,605.854512
B5,35,ctl_SE,V8,ctl,SE,606.954532
B5,35,ctl_SE,V9,ctl,SE,576.954704
B5,35,ctl_SE,V10,ctl,SE,601.079392
B12,35,ctl_SE,V1,ctl,SE,712.292756
B12,35,ctl_SE,V2,ctl,SE,698.969484
B12,35,ctl_SE,V3,ctl,SE,771.780916
B12,35,ctl_SE,V4,ctl,SE,768.446897
B12,35,ctl_SE,V5,ctl,SE,735.305981
B12,35,ctl_SE,V6,ctl,SE,766.770821
B12,35,ctl_SE,V7,ctl,SE,738.067968
B12,35,ctl_SE,V8,ctl,SE,778.353745
B12,35,ctl_SE,V9,ctl,SE,608.117107
B12,35,ctl_SE,V10,ctl,SE,731.228698
B7,35,ctl_SE,V1,ctl,SE,896.329604
B7,35,ctl_SE,V2,ctl,SE,881.40056
B7,35,ctl_SE,V3,ctl,SE,541.714358
B7,35,ctl_SE,V4,ctl,SE,916.922258
B7,35,ctl_SE,V5,ctl,SE,710.594829
B7,35,ctl_SE,V6,ctl,SE,824.746552
B7,35,ctl_SE,V7,ctl,SE,810.336749
B7,35,ctl_SE,V8,ctl,SE,857.416828
B8,35,ctl_SE,V1,ctl,SE,558.137623
B8,35,ctl_SE,V2,ctl,SE,630.672583
B8,35,ctl_SE,V3,ctl,SE,726.454609
B8,35,ctl_SE,V4,ctl,SE,722.801135
B8,35,ctl_SE,V5,ctl,SE,696.124013
B8,35,ctl_SE,V6,ctl,SE,669.859704
B8,35,ctl_SE,V7,ctl,SE,675.680763
B14,35,ctl_SE,V1,ctl,SE,575.926839
B14,35,ctl_SE,V2,ctl,SE,603.05644
B14,35,ctl_SE,V3,ctl,SE,662.022605
B14,35,ctl_SE,V4,ctl,SE,656.750048
B14,35,ctl_SE,V5,ctl,SE,626.338574
B14,35,ctl_SE,V6,ctl,SE,510.426544
B14,35,ctl_SE,V7,ctl,SE,761.634193
B11,35,ctl_SE,V1,ctl,SE,677.68231
B11,35,ctl_SE,V2,ctl,SE,572.721881
B11,35,ctl_SE,V3,ctl,SE,714.409618
B11,35,ctl_SE,V4,ctl,SE,803.441272
